lsl_channel,sd_channel,pearson_r,r_squared,z_score_rmse,gain_counts_per_uV,fit_rmse_counts
Ch0,Ch 01,0.9668653707605909,0.9348286451760148,0.2574281617826985,17.79697424470774,16.565534592149348
Ch1,Ch 02,0.9239499177987069,0.8536834506002373,0.39000021077249003,16.754314356967367,24.53697276530357
Ch2,Ch 03,0.9035447121339002,0.8163930468251326,0.4392158646180709,15.358716101055062,34.77041719233995
Ch3,Ch 04,0.9205644729536017,0.8474389488643425,0.398586319500302,15.9930265066447,15.53812597191738
Ch4,Ch 05,0.9810135429596039,0.9623875714701545,0.19486640059484855,18.399492770908406,24.993889050086192
Ch5,Ch 06,0.9760709953999857,0.9527145880611189,0.21876473481808945,18.227008301228757,28.886976068674393
Ch6,Ch 07,0.978518175526776,0.9574978198362504,0.20727674482789618,18.327055945354488,25.62591054394619
Ch7,Ch 08,0.9616240827460255,0.924720876517135,0.27704121445725083,17.64254174852311,17.459234790407628
Ch8,Ch 09,0.9579231893642175,0.9176168367217145,0.29009243573655064,17.514234389442894,16.190123844101098
Ch9,Ch 10,0.965094010120854,0.9314064483711512,0.26421956732666657,17.818617954048637,18.114607730370093
Ch10,Ch 11,0.9422658279280091,0.8878648904808564,0.3398063332899788,16.813627500673523,23.013829509206484
Ch11,Ch 12,0.9027184945211927,0.8149006803506086,0.44109297314468104,15.595875219281421,27.156238587546213
Ch12,Ch 13,0.8746237581575841,0.7649667183336961,0.5007519183036963,14.842079583107482,26.156829466677053
Ch13,Ch 14,0.9445285165119429,0.8921341185042516,0.33308102163905057,17.16449786961283,14.770348422430628
Ch14,Ch 15,0.9149618526779021,0.837155191855779,0.41240307302952467,15.884563682877609,9.553284298910533
Ch15,Ch 16,0.9501669001524037,0.9028171381452279,0.3156995402201159,17.38177433883454,14.916181182202072
